"Reference","Qty","Value","DNP","Exclude from BOM","Exclude from Board","Exclude from Simulation","Exclude from Position Files","Footprint","Datasheet"
"C2,C4","2","C","","","","","${EXCLUDE_FROM_POS_FILES}","Capacitor_SMD:C_0805_2012Metric",""
"C3","1","C_Polarized","","","","","${EXCLUDE_FROM_POS_FILES}","Capacitor_THT:CP_Radial_D5.0mm_P2.00mm",""
"D3","1","1N5819","","","","","${EXCLUDE_FROM_POS_FILES}","Diode_SMD:D_MicroMELF","http://www.vishay.com/docs/88525/1n5817.pdf"
"D5,D6","2","LED_Filled","","","","","${EXCLUDE_FROM_POS_FILES}","LED_SMD:LED_0805_2012Metric",""
"D7","1","1N4148","","","","","${EXCLUDE_FROM_POS_FILES}","Diode_SMD:D_MicroMELF","https://assets.nexperia.com/documents/data-sheet/1N4148_1N4448.pdf"
"J4","1","Screw_Terminal_01x02","","","","","${EXCLUDE_FROM_POS_FILES}","TerminalBlock_Phoenix:TerminalBlock_Phoenix_MPT-0,5-2-2.54_1x02_P2.54mm_Horizontal",""
"J5","1","Screw_Terminal_01x03","","","","","${EXCLUDE_FROM_POS_FILES}","TerminalBlock_Phoenix:TerminalBlock_Phoenix_MPT-0,5-3-2.54_1x03_P2.54mm_Horizontal",""
"K1","1","Relay_SPDT","","","","","${EXCLUDE_FROM_POS_FILES}","Relay_THT:Relay_SPDT_SANYOU_SRD_Series_Form_C",""
"Q2","1","MPSA42","","","","","${EXCLUDE_FROM_POS_FILES}","Package_TO_SOT_SMD:SC-59","http://www.onsemi.com/pub_link/Collateral/MPSA42-D.PDF"
"R4,R5","2","R","","","","","${EXCLUDE_FROM_POS_FILES}","Resistor_SMD:R_0805_2012Metric",""
"RV2","1","R_Potentiometer_Trim","","","","","${EXCLUDE_FROM_POS_FILES}","Potentiometer_THT:Potentiometer_Bourns_3296W_Vertical",""
"U2","1","NE555D","","","","","${EXCLUDE_FROM_POS_FILES}","Package_SO:SO-8_3.9x4.9mm_P1.27mm","http://www.ti.com/lit/ds/symlink/ne555.pdf"
